source,name,symbol,timestamp
CMC_Trending,Worldcoin1WLD,Worldcoin,2025-05-23 04:26:11.417951
CMC_Trending,Moo Deng (moodengsol.com)2MOODENG,Moo Deng (moodengsol.com),2025-05-23 04:26:11.417983
CMC_Trending,Zebec Network3ZBCN,Zebec Network,2025-05-23 04:26:11.418002
CMC_Trending,OFFICIAL TRUMP4TRUMP,OFFICIAL TRUMP,2025-05-23 04:26:11.418018
CMC_Trending,Cetus Protocol5CETUS,Cetus Protocol,2025-05-23 04:26:11.418033
CMC_Trending,LanLan Cat6LANLAN,LanLan Cat,2025-05-23 04:26:11.418050
CMC_Trending,Mog Coin7MOG,Mog Coin,2025-05-23 04:26:11.418067
CMC_Trending,Zcash8ZEC,Zcash,2025-05-23 04:26:11.418081
CMC_Trending,SORA9XOR,SORA,2025-05-23 04:26:11.418098
CMC_Trending,Trump Dinner10DINNER,Trump Dinner,2025-05-23 04:26:11.418112
CMC_Trending,Merlin Chain11MERL,Merlin Chain,2025-05-23 04:26:11.418127
CMC_Trending,Jupiter12JUP,Jupiter,2025-05-23 04:26:11.418142
CMC_Trending,BUILDon13B,BUILDon,2025-05-23 04:26:11.418157
CMC_Trending,Injective14INJ,Injective,2025-05-23 04:26:11.418179
CMC_Trending,Guild of Guardians15GOG,Guild of Guardians,2025-05-23 04:26:11.418193
CMC_Trending,Sui16SUI,Sui,2025-05-23 04:26:11.418208
CMC_Trending,Maple Finance17SYRUP,Maple Finance,2025-05-23 04:26:11.418223
CMC_Trending,Hey Anon18ANON,Hey Anon,2025-05-23 04:26:11.418238
CMC_Trending,Alchemy Pay19ACH,Alchemy Pay,2025-05-23 04:26:11.418252
CMC_Trending,Stader20SD,Stader,2025-05-23 04:26:11.418266
CMC_Trending,Covalent X Token21CXT,Covalent X Token,2025-05-23 04:26:11.418280
CMC_Trending,Bio Protocol22BIO,Bio Protocol,2025-05-23 04:26:11.418295
CMC_Trending,Lorenzo Protocol23BANK,Lorenzo Protocol,2025-05-23 04:26:11.418310
CMC_Trending,NEXPACE24NXPC,NEXPACE,2025-05-23 04:26:11.418324
CMC_Trending,Walrus25WAL,Walrus,2025-05-23 04:26:11.418338
CMC_Trending,Flamengo Fan Token26MENGO,Flamengo Fan Token,2025-05-23 04:26:11.418352
CMC_Trending,World of Dypians27WOD,World of Dypians,2025-05-23 04:26:11.418367
CMC_Trending,Lista DAO28LISTA,Lista DAO,2025-05-23 04:26:11.418382
CMC_Trending,Usual29USUAL,Usual,2025-05-23 04:26:11.418396
CMC_Trending,NULS30NULS,NULS,2025-05-23 04:26:11.418410
CMC_Trending,FLOKI31FLOKI,FLOKI,2025-05-23 04:26:11.418424
CMC_Trending,Flappymoonbird32FMB,Flappymoonbird,2025-05-23 04:26:11.418439
CMC_Trending,Mask Network33MASK,Mask Network,2025-05-23 04:26:11.418453
CMC_Trending,Cookie DAO34COOKIE,Cookie DAO,2025-05-23 04:26:11.418467
CMC_Trending,Hyperliquid35HYPE,Hyperliquid,2025-05-23 04:26:11.418481
CMC_Trending,Constellation36DAG,Constellation,2025-05-23 04:26:11.418495
CMC_Trending,Bitcoin Cash37BCH,Bitcoin Cash,2025-05-23 04:26:11.418510
CMC_Trending,ChainGPT38CGPT,ChainGPT,2025-05-23 04:26:11.418524
CMC_Trending,Dora Factory39DORA,Dora Factory,2025-05-23 04:26:11.418538
CMC_Trending,Metacade40MCADE,Metacade,2025-05-23 04:26:11.418552
CMC_Trending,StakeStone41STO,StakeStone,2025-05-23 04:26:11.418566
CMC_Trending,GmeStop42GME,GmeStop,2025-05-23 04:26:11.418581
CMC_Trending,Avalanche43AVAX,Avalanche,2025-05-23 04:26:11.418596
CMC_Trending,TROLL (SOL)44TROLL,TROLL (SOL),2025-05-23 04:26:11.418610
CMC_Trending,io.net45IO,io.net,2025-05-23 04:26:11.418624
CMC_Trending,TRON46TRX,TRON,2025-05-23 04:26:11.418638
CMC_Trending,Vameon47VON,Vameon,2025-05-23 04:26:11.418652
CMC_Trending,GameStop (gamestop-coin.vip)48GME,GameStop (gamestop-coin.vip),2025-05-23 04:26:11.418667
CMC_Trending,Safe49SAFE,Safe,2025-05-23 04:26:11.418681
CMC_Trending,Animecoin50ANIME,Animecoin,2025-05-23 04:26:11.418696
